observation_date,VIXCLS
7/20/2020,24.46
7/21/2020,24.84
7/22/2020,24.32
7/23/2020,26.08
7/24/2020,25.84
7/27/2020,24.74
7/28/2020,25.44
7/29/2020,24.1
7/30/2020,24.76
7/31/2020,24.46
8/3/2020,24.28
8/4/2020,23.76
8/5/2020,22.99
8/6/2020,22.65
8/7/2020,22.21
8/10/2020,22.13
8/11/2020,24.03
8/12/2020,22.28
8/13/2020,22.13
8/14/2020,22.05
8/17/2020,21.35
8/18/2020,21.51
8/19/2020,22.54
8/20/2020,22.72
8/21/2020,22.54
8/24/2020,22.37
8/25/2020,22.03
8/26/2020,23.27
8/27/2020,24.47
8/28/2020,22.96
8/31/2020,26.41
9/1/2020,26.12
9/2/2020,26.57
9/3/2020,33.6
9/4/2020,30.75
9/7/2020,
9/8/2020,31.46
9/9/2020,28.81
9/10/2020,29.71
9/11/2020,26.87
9/14/2020,25.85
9/15/2020,25.59
9/16/2020,26.04
9/17/2020,26.46
9/18/2020,25.83
9/21/2020,27.78
9/22/2020,26.86
9/23/2020,28.58
9/24/2020,28.51
9/25/2020,26.38
9/28/2020,26.19
9/29/2020,26.27
9/30/2020,26.37
10/1/2020,26.7
10/2/2020,27.63
10/5/2020,27.96
10/6/2020,29.48
10/7/2020,28.06
10/8/2020,26.36
10/9/2020,25
10/12/2020,25.07
10/13/2020,26.07
10/14/2020,26.4
10/15/2020,26.97
10/16/2020,27.41
10/19/2020,29.18
10/20/2020,29.35
10/21/2020,28.65
10/22/2020,28.11
10/23/2020,27.55
10/26/2020,32.46
10/27/2020,33.35
10/28/2020,40.28
10/29/2020,37.59
10/30/2020,38.02
11/2/2020,37.13
11/3/2020,35.55
11/4/2020,29.57
11/5/2020,27.58
11/6/2020,24.86
11/9/2020,25.75
11/10/2020,24.8
11/11/2020,23.45
11/12/2020,25.35
11/13/2020,23.1
11/16/2020,22.45
11/17/2020,22.71
11/18/2020,23.84
11/19/2020,23.11
11/20/2020,23.7
11/23/2020,22.66
11/24/2020,21.64
11/25/2020,21.25
11/26/2020,
11/27/2020,20.84
11/30/2020,20.57
12/1/2020,20.77
12/2/2020,21.17
12/3/2020,21.28
12/4/2020,20.79
12/7/2020,21.3
12/8/2020,20.68
12/9/2020,22.27
12/10/2020,22.52
12/11/2020,23.31
12/14/2020,24.72
12/15/2020,22.89
12/16/2020,22.5
12/17/2020,21.93
12/18/2020,21.57
12/21/2020,25.16
12/22/2020,24.23
12/23/2020,23.31
12/24/2020,21.53
12/25/2020,
12/28/2020,21.7
12/29/2020,23.08
12/30/2020,22.77
12/31/2020,22.75
1/1/2021,
1/4/2021,26.97
1/5/2021,25.34
1/6/2021,25.07
1/7/2021,22.37
1/8/2021,21.56
1/11/2021,24.08
1/12/2021,23.33
1/13/2021,22.21
1/14/2021,23.25
1/15/2021,24.34
1/18/2021,
1/19/2021,23.24
1/20/2021,21.58
1/21/2021,21.32
1/22/2021,21.91
1/25/2021,23.19
1/26/2021,23.02
1/27/2021,37.21
1/28/2021,30.21
1/29/2021,33.09
2/1/2021,30.24
2/2/2021,25.56
2/3/2021,22.91
2/4/2021,21.77
2/5/2021,20.87
2/8/2021,21.24
2/9/2021,21.63
2/10/2021,21.99
2/11/2021,21.25
2/12/2021,19.97
2/15/2021,
2/16/2021,21.46
2/17/2021,21.5
2/18/2021,22.49
2/19/2021,22.05
2/22/2021,23.45
2/23/2021,23.11
2/24/2021,21.34
2/25/2021,28.89
2/26/2021,27.95
3/1/2021,23.35
3/2/2021,24.1
3/3/2021,26.67
3/4/2021,28.57
3/5/2021,24.66
3/8/2021,25.47
3/9/2021,24.03
3/10/2021,22.56
3/11/2021,21.91
3/12/2021,20.69
3/15/2021,20.03
3/16/2021,19.79
3/17/2021,19.23
3/18/2021,21.58
3/19/2021,20.95
3/22/2021,18.88
3/23/2021,20.3
3/24/2021,21.2
3/25/2021,19.81
3/26/2021,18.86
3/29/2021,20.74
3/30/2021,19.61
3/31/2021,19.4
4/1/2021,17.33
4/2/2021,
4/5/2021,17.91
4/6/2021,18.12
4/7/2021,17.16
4/8/2021,16.95
4/9/2021,16.69
4/12/2021,16.91
4/13/2021,16.65
4/14/2021,16.99
4/15/2021,16.57
4/16/2021,16.25
4/19/2021,17.29
4/20/2021,18.68
4/21/2021,17.5
4/22/2021,18.71
4/23/2021,17.33
4/26/2021,17.64
4/27/2021,17.56
4/28/2021,17.28
4/29/2021,17.61
4/30/2021,18.61
5/3/2021,18.31
5/4/2021,19.48
5/5/2021,19.15
5/6/2021,18.39
5/7/2021,16.69
5/10/2021,19.66
5/11/2021,21.84
5/12/2021,27.59
5/13/2021,23.13
5/14/2021,18.81
5/17/2021,19.72
5/18/2021,21.34
5/19/2021,22.18
5/20/2021,20.67
5/21/2021,20.15
5/24/2021,18.4
5/25/2021,18.84
5/26/2021,17.36
5/27/2021,16.74
5/28/2021,16.76
5/31/2021,
6/1/2021,17.9
6/2/2021,17.48
6/3/2021,18.04
6/4/2021,16.42
6/7/2021,16.42
6/8/2021,17.07
6/9/2021,17.89
6/10/2021,16.1
6/11/2021,15.65
6/14/2021,16.39
6/15/2021,17.02
6/16/2021,18.15
6/17/2021,17.75
6/18/2021,20.7
6/21/2021,17.89
6/22/2021,16.66
6/23/2021,16.32
6/24/2021,15.97
6/25/2021,15.62
6/28/2021,15.76
6/29/2021,16.02
6/30/2021,15.83
7/1/2021,15.48
7/2/2021,15.07
7/5/2021,
7/6/2021,16.44
7/7/2021,16.2
7/8/2021,19
7/9/2021,16.18
7/12/2021,16.17
7/13/2021,17.12
7/14/2021,16.33
7/15/2021,17.01
7/16/2021,18.45
7/19/2021,22.5
7/20/2021,19.73
7/21/2021,17.91
7/22/2021,17.69
7/23/2021,17.2
7/26/2021,17.58
7/27/2021,19.36
7/28/2021,18.31
7/29/2021,17.7
7/30/2021,18.24
8/2/2021,19.46
8/3/2021,18.04
8/4/2021,17.97
8/5/2021,17.28
8/6/2021,16.15
8/9/2021,16.72
8/10/2021,16.79
8/11/2021,16.06
8/12/2021,15.59
8/13/2021,15.45
8/16/2021,16.12
8/17/2021,17.91
8/18/2021,21.57
8/19/2021,21.67
8/20/2021,18.56
8/23/2021,17.15
8/24/2021,17.22
8/25/2021,16.79
8/26/2021,18.84
8/27/2021,16.39
8/30/2021,16.19
8/31/2021,16.48
9/1/2021,16.11
9/2/2021,16.41
9/3/2021,16.41
9/6/2021,
9/7/2021,18.14
9/8/2021,17.96
9/9/2021,18.8
9/10/2021,20.95
9/13/2021,19.37
9/14/2021,19.46
9/15/2021,18.18
9/16/2021,18.69
9/17/2021,20.81
9/20/2021,25.71
9/21/2021,24.36
9/22/2021,20.87
9/23/2021,18.63
9/24/2021,17.75
9/27/2021,18.76
9/28/2021,23.25
9/29/2021,22.56
9/30/2021,23.14
10/1/2021,21.15
10/4/2021,22.96
10/5/2021,21.3
10/6/2021,21
10/7/2021,19.54
10/8/2021,18.77
10/11/2021,20
10/12/2021,19.85
10/13/2021,18.64
10/14/2021,16.86
10/15/2021,16.3
10/18/2021,16.31
10/19/2021,15.7
10/20/2021,15.49
10/21/2021,15.01
10/22/2021,15.43
10/25/2021,15.24
10/26/2021,15.98
10/27/2021,16.98
10/28/2021,16.53
10/29/2021,16.26
11/1/2021,16.41
11/2/2021,16.03
11/3/2021,15.1
11/4/2021,15.44
11/5/2021,16.48
11/8/2021,17.22
11/9/2021,17.78
11/10/2021,18.73
11/11/2021,17.66
11/12/2021,16.29
11/15/2021,16.49
11/16/2021,16.37
11/17/2021,17.11
11/18/2021,17.59
11/19/2021,17.91
11/22/2021,19.17
11/23/2021,19.38
11/24/2021,18.58
11/25/2021,
11/26/2021,28.62
11/29/2021,22.96
11/30/2021,27.19
12/1/2021,31.12
12/2/2021,27.95
12/3/2021,30.67
12/6/2021,27.18
12/7/2021,21.89
12/8/2021,19.9
12/9/2021,21.58
12/10/2021,18.69
12/13/2021,20.31
12/14/2021,21.89
12/15/2021,19.29
12/16/2021,20.57
12/17/2021,21.57
12/20/2021,22.87
12/21/2021,21.01
12/22/2021,18.63
12/23/2021,17.96
12/24/2021,
12/27/2021,17.68
12/28/2021,17.54
12/29/2021,16.95
12/30/2021,17.33
12/31/2021,17.22
1/3/2022,16.6
1/4/2022,16.91
1/5/2022,19.73
1/6/2022,19.61
1/7/2022,18.76
1/10/2022,19.4
1/11/2022,18.41
1/12/2022,17.62
1/13/2022,20.31
1/14/2022,19.19
1/17/2022,
1/18/2022,22.79
1/19/2022,23.85
1/20/2022,25.59
1/21/2022,28.85
1/24/2022,29.9
1/25/2022,31.16
1/26/2022,31.96
1/27/2022,30.49
1/28/2022,27.66
1/31/2022,24.83
2/1/2022,21.96
2/2/2022,22.09
2/3/2022,24.35
2/4/2022,23.22
2/7/2022,22.86
2/8/2022,21.44
2/9/2022,19.96
2/10/2022,23.91
2/11/2022,27.36
2/14/2022,28.33
2/15/2022,25.7
2/16/2022,24.29
2/17/2022,28.11
2/18/2022,27.75
2/21/2022,
2/22/2022,28.81
2/23/2022,31.02
2/24/2022,30.32
2/25/2022,27.59
2/28/2022,30.15
3/1/2022,33.32
3/2/2022,30.74
3/3/2022,30.48
3/4/2022,31.98
3/7/2022,36.45
3/8/2022,35.13
3/9/2022,32.45
3/10/2022,30.23
3/11/2022,30.75
3/14/2022,31.77
3/15/2022,29.83
3/16/2022,26.67
3/17/2022,25.67
3/18/2022,23.87
3/21/2022,23.53
3/22/2022,22.94
3/23/2022,23.57
3/24/2022,21.67
3/25/2022,20.81
3/28/2022,19.63
3/29/2022,18.9
3/30/2022,19.33
3/31/2022,20.56
4/1/2022,19.63
4/4/2022,18.57
4/5/2022,21.03
4/6/2022,22.1
4/7/2022,21.55
4/8/2022,21.16
4/11/2022,24.37
4/12/2022,24.26
4/13/2022,21.82
4/14/2022,22.7
4/15/2022,
4/18/2022,22.17
4/19/2022,21.37
4/20/2022,20.32
4/21/2022,22.68
4/22/2022,28.21
4/25/2022,27.02
4/26/2022,33.52
4/27/2022,31.6
4/28/2022,29.99
4/29/2022,33.4
5/2/2022,32.34
5/3/2022,29.25
5/4/2022,25.42
5/5/2022,31.2
5/6/2022,30.19
5/9/2022,34.75
5/10/2022,32.99
5/11/2022,32.56
5/12/2022,31.77
5/13/2022,28.87
5/16/2022,27.47
5/17/2022,26.1
5/18/2022,30.96
5/19/2022,29.35
5/20/2022,29.43
5/23/2022,28.48
5/24/2022,29.45
5/25/2022,28.37
5/26/2022,27.5
5/27/2022,25.72
5/30/2022,26.54
5/31/2022,26.19
6/1/2022,25.69
6/2/2022,24.72
6/3/2022,24.79
6/6/2022,25.07
6/7/2022,24.02
6/8/2022,23.96
6/9/2022,26.09
6/10/2022,27.75
6/13/2022,34.02
6/14/2022,32.69
6/15/2022,29.62
6/16/2022,32.95
6/17/2022,31.13
6/20/2022,31.03
6/21/2022,30.19
6/22/2022,28.95
6/23/2022,29.05
6/24/2022,27.23
6/27/2022,26.95
6/28/2022,28.36
6/29/2022,28.16
6/30/2022,28.71
7/1/2022,26.7
7/4/2022,27.53
7/5/2022,27.54
7/6/2022,26.73
7/7/2022,26.08
7/8/2022,24.64
7/11/2022,26.17
7/12/2022,27.29
7/13/2022,26.82
7/14/2022,26.4
7/15/2022,24.23
7/18/2022,25.3
7/19/2022,24.5
7/20/2022,23.88
7/21/2022,23.11
7/22/2022,23.03
7/25/2022,23.36
7/26/2022,24.69
7/27/2022,23.24
7/28/2022,22.33
7/29/2022,21.33
8/1/2022,22.84
8/2/2022,23.93
8/3/2022,21.95
8/4/2022,21.44
8/5/2022,21.15
8/8/2022,21.29
8/9/2022,21.77
8/10/2022,19.74
8/11/2022,20.2
8/12/2022,19.53
8/15/2022,19.95
8/16/2022,19.69
8/17/2022,19.9
8/18/2022,19.56
8/19/2022,20.6
8/22/2022,23.8
8/23/2022,24.11
8/24/2022,22.82
8/25/2022,21.78
8/26/2022,25.56
8/29/2022,26.21
8/30/2022,26.21
8/31/2022,25.87
9/1/2022,25.56
9/2/2022,25.47
9/5/2022,25.99
9/6/2022,26.91
9/7/2022,24.64
9/8/2022,23.61
9/9/2022,22.79
9/12/2022,23.87
9/13/2022,27.27
9/14/2022,26.16
9/15/2022,26.27
9/16/2022,26.3
9/19/2022,25.76
9/20/2022,27.16
9/21/2022,27.99
9/22/2022,27.35
9/23/2022,29.92
9/26/2022,32.26
9/27/2022,32.6
9/28/2022,30.18
9/29/2022,31.84
9/30/2022,31.62
10/3/2022,30.1
10/4/2022,29.07
10/5/2022,28.55
10/6/2022,30.52
10/7/2022,31.36
10/10/2022,32.45
10/11/2022,33.63
10/12/2022,33.57
10/13/2022,31.94
10/14/2022,32.02
10/17/2022,31.37
10/18/2022,30.5
10/19/2022,30.76
10/20/2022,29.98
10/21/2022,29.69
10/24/2022,29.85
10/25/2022,28.46
10/26/2022,27.28
10/27/2022,27.39
10/28/2022,25.75
10/31/2022,25.88
11/1/2022,25.81
11/2/2022,25.86
11/3/2022,25.3
11/4/2022,24.55
11/7/2022,24.35
11/8/2022,25.54
11/9/2022,26.09
11/10/2022,23.53
11/11/2022,22.52
11/14/2022,23.73
11/15/2022,24.54
11/16/2022,24.11
11/17/2022,23.93
11/18/2022,23.12
11/21/2022,22.36
11/22/2022,21.29
11/23/2022,20.35
11/24/2022,20.42
11/25/2022,20.5
11/28/2022,22.21
11/29/2022,21.89
11/30/2022,20.58
12/1/2022,19.84
12/2/2022,19.06
12/5/2022,20.75
12/6/2022,22.17
12/7/2022,22.68
12/8/2022,22.29
12/9/2022,22.83
12/12/2022,25
12/13/2022,22.55
12/14/2022,21.14
12/15/2022,22.83
12/16/2022,22.62
12/19/2022,22.42
12/20/2022,21.48
12/21/2022,20.07
12/22/2022,21.97
12/23/2022,20.87
12/26/2022,
12/27/2022,21.65
12/28/2022,22.14
12/29/2022,21.44
12/30/2022,21.67
1/2/2023,
1/3/2023,22.9
1/4/2023,22.01
1/5/2023,22.46
1/6/2023,21.13
1/9/2023,21.97
1/10/2023,20.58
1/11/2023,21.09
1/12/2023,18.83
1/13/2023,18.35
1/16/2023,19.49
1/17/2023,19.36
1/18/2023,20.34
1/19/2023,20.52
1/20/2023,19.85
1/23/2023,19.81
1/24/2023,19.2
1/25/2023,19.08
1/26/2023,18.73
1/27/2023,18.51
1/30/2023,19.94
1/31/2023,19.4
2/1/2023,17.87
2/2/2023,18.73
2/3/2023,18.33
2/6/2023,19.43
2/7/2023,18.66
2/8/2023,19.63
2/9/2023,20.71
2/10/2023,20.53
2/13/2023,20.34
2/14/2023,18.91
2/15/2023,18.23
2/16/2023,20.17
2/17/2023,20.02
2/20/2023,21.23
2/21/2023,22.87
2/22/2023,22.29
2/23/2023,21.14
2/24/2023,21.67
2/27/2023,20.95
2/28/2023,20.7
3/1/2023,20.58
3/2/2023,19.59
3/3/2023,18.49
3/6/2023,18.61
3/7/2023,19.59
3/8/2023,19.11
3/9/2023,22.61
3/10/2023,24.8
3/13/2023,26.52
3/14/2023,23.73
3/15/2023,26.14
3/16/2023,22.99
3/17/2023,25.51
3/20/2023,24.15
3/21/2023,21.38
3/22/2023,22.26
3/23/2023,22.61
3/24/2023,21.74
3/27/2023,20.6
3/28/2023,19.97
3/29/2023,19.12
3/30/2023,19.02
3/31/2023,18.7
4/3/2023,18.55
4/4/2023,19
4/5/2023,19.08
4/6/2023,18.4
4/7/2023,
4/10/2023,18.97
4/11/2023,19.1
4/12/2023,19.09
4/13/2023,17.8
4/14/2023,17.07
4/17/2023,16.95
4/18/2023,16.83
4/19/2023,16.46
4/20/2023,17.17
4/21/2023,16.77
4/24/2023,16.89
4/25/2023,18.76
4/26/2023,18.84
4/27/2023,17.03
4/28/2023,15.78
5/1/2023,16.08
5/2/2023,17.78
5/3/2023,18.34
5/4/2023,20.09
5/5/2023,17.19
5/8/2023,16.98
5/9/2023,17.71
5/10/2023,16.94
5/11/2023,16.93
5/12/2023,17.03
5/15/2023,17.12
5/16/2023,17.99
5/17/2023,16.87
5/18/2023,16.05
5/19/2023,16.81
5/22/2023,17.21
5/23/2023,18.53
5/24/2023,20.03
5/25/2023,19.14
5/26/2023,17.95
5/29/2023,17.46
5/30/2023,17.46
5/31/2023,17.94
6/1/2023,15.65
6/2/2023,14.6
6/5/2023,14.73
6/6/2023,13.96
6/7/2023,13.94
6/8/2023,13.65
6/9/2023,13.83
6/12/2023,15.01
6/13/2023,14.61
6/14/2023,13.88
6/15/2023,14.5
6/16/2023,13.54
6/19/2023,14.19
6/20/2023,13.88
6/21/2023,13.2
6/22/2023,12.91
6/23/2023,13.44
6/26/2023,14.25
6/27/2023,13.74
6/28/2023,13.43
6/29/2023,13.54
6/30/2023,13.59
7/3/2023,13.57
7/4/2023,13.7
7/5/2023,14.18
7/6/2023,15.44
7/7/2023,14.83
7/10/2023,15.07
7/11/2023,14.84
7/12/2023,13.54
7/13/2023,13.61
7/14/2023,13.34
7/17/2023,13.48
7/18/2023,13.3
7/19/2023,13.76
7/20/2023,13.99
7/21/2023,13.6
7/24/2023,13.91
7/25/2023,13.86
7/26/2023,13.19
7/27/2023,14.41
7/28/2023,13.33
7/31/2023,13.63
8/1/2023,13.93
8/2/2023,16.09
8/3/2023,15.92
8/4/2023,17.1
8/7/2023,15.77
8/8/2023,15.99
8/9/2023,15.96
8/10/2023,15.85
8/11/2023,14.84
8/14/2023,14.82
8/15/2023,16.46
8/16/2023,16.78
8/17/2023,17.89
8/18/2023,17.3
8/21/2023,17.13
8/22/2023,16.97
8/23/2023,15.98
8/24/2023,17.2
8/25/2023,15.68
8/28/2023,15.08
8/29/2023,14.45
8/30/2023,13.88
8/31/2023,13.57
9/1/2023,13.09
9/4/2023,13.82
9/5/2023,14.01
9/6/2023,14.45
9/7/2023,14.4
9/8/2023,13.84
9/11/2023,13.8
9/12/2023,14.23
9/13/2023,13.48
9/14/2023,12.82
9/15/2023,13.79
9/18/2023,14
9/19/2023,14.11
9/20/2023,15.14
9/21/2023,17.54
9/22/2023,17.2
9/25/2023,16.9
9/26/2023,18.94
9/27/2023,18.22
9/28/2023,17.34
9/29/2023,17.52
10/2/2023,17.61
10/3/2023,19.78
10/4/2023,18.58
10/5/2023,18.49
10/6/2023,17.45
10/9/2023,17.7
10/10/2023,17.03
10/11/2023,16.09
10/12/2023,16.69
10/13/2023,19.32
10/16/2023,17.21
10/17/2023,17.88
10/18/2023,19.22
10/19/2023,21.4
10/20/2023,21.71
10/23/2023,20.37
10/24/2023,18.97
10/25/2023,20.19
10/26/2023,20.68
10/27/2023,21.27
10/30/2023,19.75
10/31/2023,18.14
11/1/2023,16.87
11/2/2023,15.66
11/3/2023,14.91
11/6/2023,14.89
11/7/2023,14.81
11/8/2023,14.45
11/9/2023,15.29
11/10/2023,14.17
11/13/2023,14.76
11/14/2023,14.16
11/15/2023,14.18
11/16/2023,14.32
11/17/2023,13.8
11/20/2023,13.41
11/21/2023,13.35
11/22/2023,12.85
11/23/2023,12.8
11/24/2023,12.46
11/27/2023,12.69
11/28/2023,12.69
11/29/2023,12.98
11/30/2023,12.92
12/1/2023,12.63
12/4/2023,13.08
12/5/2023,12.85
12/6/2023,12.97
12/7/2023,13.06
12/8/2023,12.35
12/11/2023,12.63
12/12/2023,12.07
12/13/2023,12.19
12/14/2023,12.48
12/15/2023,12.28
12/18/2023,12.56
12/19/2023,12.53
12/20/2023,13.67
12/21/2023,13.65
12/22/2023,13.03
12/25/2023,
12/26/2023,12.99
12/27/2023,12.43
12/28/2023,12.47
12/29/2023,12.45
1/1/2024,
1/2/2024,13.2
1/3/2024,14.04
1/4/2024,14.13
1/5/2024,13.35
1/8/2024,13.08
1/9/2024,12.76
1/10/2024,12.69
1/11/2024,12.44
1/12/2024,12.7
1/15/2024,13.25
1/16/2024,13.84
1/17/2024,14.79
1/18/2024,14.13
1/19/2024,13.3
1/22/2024,13.19
1/23/2024,12.55
1/24/2024,13.14
1/25/2024,13.45
1/26/2024,13.26
1/29/2024,13.6
1/30/2024,13.31
1/31/2024,14.35
2/1/2024,13.88
2/2/2024,13.85
2/5/2024,13.67
2/6/2024,13.06
2/7/2024,12.83
2/8/2024,12.79
2/9/2024,12.93
2/12/2024,13.93
2/13/2024,15.85
2/14/2024,14.38
2/15/2024,14.01
2/16/2024,14.24
2/19/2024,14.71
2/20/2024,15.42
2/21/2024,15.34
2/22/2024,14.54
2/23/2024,13.75
2/26/2024,13.74
2/27/2024,13.43
2/28/2024,13.84
2/29/2024,13.4
3/1/2024,13.11
3/4/2024,13.49
3/5/2024,14.46
3/6/2024,14.5
3/7/2024,14.44
3/8/2024,14.74
3/11/2024,15.22
3/12/2024,13.84
3/13/2024,13.75
3/14/2024,14.4
3/15/2024,14.41
3/18/2024,14.33
3/19/2024,13.82
3/20/2024,13.04
3/21/2024,12.92
3/22/2024,13.06
3/25/2024,13.19
3/26/2024,13.24
3/27/2024,12.78
3/28/2024,13.01
3/29/2024,
4/1/2024,13.65
4/2/2024,14.61
4/3/2024,14.33
4/4/2024,16.35
4/5/2024,16.03
4/8/2024,15.19
4/9/2024,14.98
4/10/2024,15.8
4/11/2024,14.91
4/12/2024,17.31
4/15/2024,19.23
4/16/2024,18.4
4/17/2024,18.21
4/18/2024,18
4/19/2024,18.71
4/22/2024,16.94
4/23/2024,15.69
4/24/2024,15.97
4/25/2024,15.37
4/26/2024,15.03
4/29/2024,14.67
4/30/2024,15.65
5/1/2024,15.39
5/2/2024,14.68
5/3/2024,13.49
5/6/2024,13.49
5/7/2024,13.23
5/8/2024,13
5/9/2024,12.69
5/10/2024,12.55
5/13/2024,13.6
5/14/2024,13.42
5/15/2024,12.45
5/16/2024,12.42
5/17/2024,11.99
5/20/2024,12.15
5/21/2024,11.86
5/22/2024,12.29
5/23/2024,12.77
5/24/2024,11.93
5/27/2024,12.36
5/28/2024,12.92
5/29/2024,14.28
5/30/2024,14.47
5/31/2024,12.92
6/3/2024,13.11
6/4/2024,13.16
6/5/2024,12.63
6/6/2024,12.58
6/7/2024,12.22
6/10/2024,12.74
6/11/2024,12.85
6/12/2024,12.04
6/13/2024,11.94
6/14/2024,12.66
6/17/2024,12.75
6/18/2024,12.3
6/19/2024,12.48
6/20/2024,13.28
6/21/2024,13.2
6/24/2024,13.33
6/25/2024,12.84
6/26/2024,12.55
6/27/2024,12.24
6/28/2024,12.44
7/1/2024,12.22
7/2/2024,12.03
7/3/2024,12.09
7/4/2024,12.26
7/5/2024,12.48
7/8/2024,12.37
7/9/2024,12.51
7/10/2024,12.85
7/11/2024,12.92
7/12/2024,12.46
7/15/2024,13.12
7/16/2024,13.19
7/17/2024,14.48
7/18/2024,15.93
7/19/2024,16.52
7/22/2024,14.91
7/23/2024,14.72
7/24/2024,18.04
7/25/2024,18.46
7/26/2024,16.39
7/29/2024,16.6
7/30/2024,17.69
7/31/2024,16.36
8/1/2024,18.59
8/2/2024,23.39
8/5/2024,38.57
8/6/2024,27.71
8/7/2024,27.85
8/8/2024,23.79
8/9/2024,20.37
8/12/2024,20.71
8/13/2024,18.12
8/14/2024,16.19
8/15/2024,15.23
8/16/2024,14.8
8/19/2024,14.65
8/20/2024,15.88
8/21/2024,16.27
8/22/2024,17.55
8/23/2024,15.86
8/26/2024,16.15
8/27/2024,15.43
8/28/2024,17.11
8/29/2024,15.65
8/30/2024,15
9/2/2024,15.55
9/3/2024,20.72
9/4/2024,21.32
9/5/2024,19.9
9/6/2024,22.38
9/9/2024,19.45
9/10/2024,19.08
9/11/2024,17.69
9/12/2024,17.07
9/13/2024,16.56
9/16/2024,17.14
9/17/2024,17.61
9/18/2024,18.23
9/19/2024,16.33
9/20/2024,16.15
9/23/2024,15.89
9/24/2024,15.39
9/25/2024,15.41
9/26/2024,15.37
9/27/2024,16.96
9/30/2024,16.73
10/1/2024,19.26
10/2/2024,18.9
10/3/2024,20.49
10/4/2024,19.21
10/7/2024,22.64
10/8/2024,21.42
10/9/2024,20.86
10/10/2024,20.93
10/11/2024,20.46
10/14/2024,19.7
10/15/2024,20.64
10/16/2024,19.58
10/17/2024,19.11
10/18/2024,18.03
10/21/2024,18.37
10/22/2024,18.2
10/23/2024,19.24
10/24/2024,19.08
10/25/2024,20.33
10/28/2024,19.8
10/29/2024,19.34
10/30/2024,20.35
10/31/2024,23.16
11/1/2024,21.88
11/4/2024,21.98
11/5/2024,20.49
11/6/2024,16.27
11/7/2024,15.2
11/8/2024,14.94
11/11/2024,14.97
11/12/2024,14.71
11/13/2024,14.02
11/14/2024,14.31
11/15/2024,16.14
11/18/2024,15.58
11/19/2024,16.35
11/20/2024,17.16
11/21/2024,16.87
11/22/2024,15.24
11/25/2024,14.6
11/26/2024,14.1
11/27/2024,14.1
11/28/2024,13.9
11/29/2024,13.51
12/2/2024,13.34
12/3/2024,13.3
12/4/2024,13.45
12/5/2024,13.54
12/6/2024,12.77
12/9/2024,14.19
12/10/2024,14.18
12/11/2024,13.58
12/12/2024,13.92
12/13/2024,13.81
12/16/2024,14.69
12/17/2024,15.87
12/18/2024,27.62
12/19/2024,24.09
12/20/2024,18.36
12/23/2024,16.78
12/24/2024,14.27
12/25/2024,
12/26/2024,14.73
12/27/2024,15.95
12/30/2024,17.4
12/31/2024,17.35
1/1/2025,
1/2/2025,17.93
1/3/2025,16.13
1/6/2025,16.04
1/7/2025,17.82
1/8/2025,17.7
1/9/2025,18.07
1/10/2025,19.54
1/13/2025,19.19
1/14/2025,18.71
1/15/2025,16.12
1/16/2025,16.6
1/17/2025,15.97
1/20/2025,15.81
1/21/2025,15.06
1/22/2025,15.1
1/23/2025,15.02
1/24/2025,14.85
1/27/2025,17.9
1/28/2025,16.41
1/29/2025,16.56
1/30/2025,15.84
1/31/2025,16.43
2/3/2025,18.62
2/4/2025,17.21
2/5/2025,15.77
2/6/2025,15.5
2/7/2025,16.54
2/10/2025,15.81
2/11/2025,16.02
2/12/2025,15.89
2/13/2025,15.1
2/14/2025,14.77
2/17/2025,15.37
2/18/2025,15.35
2/19/2025,15.27
2/20/2025,15.66
2/21/2025,18.21
2/24/2025,18.98
2/25/2025,19.43
2/26/2025,19.1
2/27/2025,21.13
2/28/2025,19.63
3/3/2025,22.78
3/4/2025,23.51
3/5/2025,21.93
3/6/2025,24.87
3/7/2025,23.37
3/10/2025,27.86
3/11/2025,26.92
3/12/2025,24.23
3/13/2025,24.66
3/14/2025,21.77
3/17/2025,20.51
3/18/2025,21.7
3/19/2025,19.9
3/20/2025,19.8
3/21/2025,19.28
3/24/2025,17.48
3/25/2025,17.15
3/26/2025,18.33
3/27/2025,18.69
3/28/2025,21.65
3/31/2025,22.28
4/1/2025,21.77
4/2/2025,21.51
4/3/2025,30.02
4/4/2025,45.31
4/7/2025,46.98
4/8/2025,52.33
4/9/2025,33.62
4/10/2025,40.72
4/11/2025,37.56
4/14/2025,30.89
4/15/2025,30.12
4/16/2025,32.64
4/17/2025,29.65
4/18/2025,
4/21/2025,33.82
4/22/2025,30.57
4/23/2025,28.45
4/24/2025,26.47
4/25/2025,24.84
4/28/2025,25.15
4/29/2025,24.17
4/30/2025,24.7
5/1/2025,24.6
5/2/2025,22.68
5/5/2025,23.64
5/6/2025,24.76
5/7/2025,23.55
5/8/2025,22.48
5/9/2025,21.9
5/12/2025,18.39
5/13/2025,18.22
5/14/2025,18.62
5/15/2025,17.83
5/16/2025,17.24
5/19/2025,18.14
5/20/2025,18.09
5/21/2025,20.87
5/22/2025,20.28
5/23/2025,22.29
5/26/2025,20.57
5/27/2025,18.96
5/28/2025,19.31
5/29/2025,19.18
5/30/2025,18.57
6/2/2025,18.36
6/3/2025,17.69
6/4/2025,17.61
6/5/2025,18.48
6/6/2025,16.77
6/9/2025,17.16
6/10/2025,16.95
6/11/2025,17.26
6/12/2025,18.02
6/13/2025,20.82
6/16/2025,19.11
6/17/2025,21.6
6/18/2025,20.14
6/19/2025,22.17
6/20/2025,20.62
6/23/2025,19.83
6/24/2025,17.48
6/25/2025,16.76
6/26/2025,16.59
6/27/2025,16.32
6/30/2025,16.73
7/1/2025,16.83
7/2/2025,16.64
7/3/2025,16.38
7/4/2025,17.48
7/7/2025,17.79
7/8/2025,16.81
7/9/2025,15.94
7/10/2025,15.78
7/11/2025,16.4
7/14/2025,17.2
7/15/2025,17.38
7/16/2025,17.16
7/17/2025,16.52
7/18/2025,16.41
